call,replyrecv,rtt
519,503,1022
519,503,1022
519,503,1022
519,503,1022
519,503,1022
519,503,1022
519,503,1022
519,503,1022
519,503,1022
519,503,1022
519,503,1022
519,503,1022
519,503,1022
519,503,1022
519,503,1022
519,503,1022
519,503,1022
519,503,1022
519,503,1022
519,503,1022
519,503,1022
519,503,1022
519,503,1022
519,503,1022
519,503,1022
519,503,1022
519,503,1022
519,503,1022
519,503,1022
519,503,1022
519,503,1022
519,503,1022
519,503,1022
519,503,1022
519,503,1022
519,503,1022
519,503,1022
519,503,1022
519,503,1022
519,503,1022
519,503,1022
519,503,1022
519,503,1022
519,503,1022
519,503,1022
519,503,1022
519,503,1022
519,503,1022
519,503,1022
519,503,1022
519,503,1022
519,503,1022
519,503,1022
519,503,1022
519,503,1022
519,503,1022
519,503,1022
519,503,1022
519,503,1022
519,503,1022
519,503,1022
519,503,1022
519,503,1022
519,503,1022
519,503,1022
519,503,1022
519,503,1022
519,503,1022
519,503,1022
519,503,1022
519,503,1022
519,503,1022
519,503,1022
519,503,1022
519,503,1022
519,503,1022
519,503,1022
519,503,1022
519,503,1022
519,503,1022
519,503,1022
519,503,1022
519,503,1022
519,503,1022
519,503,1022
519,503,1022
519,503,1022
519,503,1022
519,503,1022
519,503,1022
519,503,1022
519,503,1022
519,503,1022
519,503,1022
519,503,1022
519,503,1022
519,503,1022
519,503,1022
519,503,1022
519,503,1022
